{"cameraMode":{"drawMode":0,"name":"Shaded","section":"Shading Mode"},"sceneLighting":true,"audioPlay":false,"sceneViewState":{"m_AlwaysRefresh":false,"showFog":true,"showSkybox":true,"showFlares":true,"showImageEffects":true,"showParticleSystems":true,"showVisualEffectGraphs":true,"m_FxEnabled":true},"in2DMode":false,"pivot":{"x":-0.2953089773654938,"y":0.9745774269104004,"z":3.973911762237549},"rotation":{"x":0.010572930797934533,"y":-0.06953243166208267,"z":0.0007386650540865958,"w":0.9975321292877197},"size":1.4125438928604127,"orthographic":false}