{"cameraMode":{"drawMode":0,"name":"Shaded","section":"Shading Mode"},"sceneLighting":true,"audioPlay":false,"sceneViewState":{"m_AlwaysRefresh":false,"showFog":true,"showSkybox":true,"showFlares":true,"showImageEffects":true,"showParticleSystems":true,"showVisualEffectGraphs":true,"m_FxEnabled":true},"in2DMode":false,"pivot":{"x":-22.983299255371095,"y":-13.152917861938477,"z":63.30133056640625},"rotation":{"x":0.11626816540956497,"y":-0.17989130318164826,"z":0.021443285048007966,"w":0.9766014218330383},"size":36.2603874206543,"orthographic":false}