{"cameraMode":{"drawMode":0,"name":"Shaded","section":"Shading Mode"},"sceneLighting":true,"audioPlay":false,"sceneViewState":{"m_AlwaysRefresh":false,"showFog":true,"showSkybox":true,"showFlares":true,"showImageEffects":true,"showParticleSystems":true,"showVisualEffectGraphs":true,"m_FxEnabled":true},"in2DMode":false,"pivot":{"x":0.021379142999649049,"y":1.3482295274734498,"z":4.112433433532715},"rotation":{"x":0.040488678961992267,"y":-0.008697898127138615,"z":0.0003549948742147535,"w":0.99916011095047},"size":1.433186411857605,"orthographic":true}